title,genre,aired,episodes,members,popularity,ranked,score
Nekogami Yaoyorozu,"['Slice of Life', 'Comedy', 'Supernatural', 'Seinen']","Jul 9, 2011 to Sep 24, 2011",12.0,16346,3532,5203.0,6.68
Gunparade Orchestra OVA,['Mecha'],"Jan 12, 2006 to Jul 20, 2006",3.0,607,10563,8180.0,6.05
Tondemo Senshi Muteking,"['Action', 'Comedy', 'Kids', 'Magic', 'Mecha', 'Sci-Fi', 'Shounen', 'Super Power']","Sep 7, 1980 to Sep 27, 1981",56.0,455,11197,5158.0,6.69
Onegai☆Twins,"['Comedy', 'Drama', 'Harem', 'School', 'Sci-Fi']","Jul 15, 2003 to Oct 14, 2003",12.0,71970,1468,4003.0,6.95
100% Pascal-sensei,['Comedy'],"Oct 15, 2016 to Mar 15, 2017",6.0,387,11587,9314.0,5.69
Osomatsu-san: Haru no Zenkoku Dai Senbatsu Jouei-sai - Sentou Quiz 2,"['Comedy', 'Parody']","Apr 6, 2017",1.0,965,9598,8630.0,5.91
Hatsukoi Monster: Mou Chotto dake Tsuzukunja,"['Comedy', 'Romance', 'School', 'Shoujo']","Feb 7, 2017",1.0,5628,5486,7189.0,6.27
Dolphin Ouji,"['Action', 'Adventure', 'Kids', 'Sci-Fi']","Apr 4, 1965 to Apr 18, 1965",3.0,251,12612,11911.0,5.23
Yami no Purple Eye,"['Psychological', 'Supernatural', 'Music', 'Horror', 'Mystery', 'Shoujo']",1987,1.0,1076,9378,11068.0,4.83
Acerola-chan,['Comedy'],"Jul 3, 2009 to Aug 31, 2009",3.0,209,13246,10022.0,5.45
Kakutou Bijin Wulong,"['Action', 'Ecchi', 'Martial Arts']","Oct 10, 2005 to Mar 26, 2006",25.0,4451,6027,5137.0,6.69
Wu Dong Qian Kun,"['Action', 'Adventure', 'Harem', 'Historical', 'Martial Arts', 'Fantasy']","Jan 27, 2019 to Apr 7, 2019",12.0,2169,7783,2000.0,7.43
Little Busters!: EX,"['Comedy', 'Drama', 'Romance', 'School', 'Slice of Life', 'Supernatural']","Jan 29, 2014 to Jul 30, 2014",8.0,39876,2199,898.0,7.81
Hikaru no Go,"['Comedy', 'Game', 'Shounen', 'Supernatural']","Oct 10, 2001 to Mar 26, 2003",75.0,96999,1130,389.0,8.15
Backkom 2,"['Comedy', 'Kids']",2007,52.0,474,11114,8548.0,5.93
Urashimasakatasen no Nichijou,"['Slice of Life', 'Comedy', 'School']","Oct 2, 2019 to Dec 18, 2019",12.0,2681,7258,8997.0,5.8
Xiong Chumo Zhi: Xiong Zin Guilai,"['Adventure', 'Comedy', 'Kids']","Jan 30, 2016",1.0,99,15376,14494.0,5.26
Sugar Bunnies Chocolate! Specials,['Kids'],"Feb 4, 2009",2.0,155,14239,14046.0,5.95
Koukyoushihen Eureka Seven Hi-Evolution 2: Anemone,"['Adventure', 'Drama', 'Mecha', 'Sci-Fi']","Nov 10, 2018",1.0,8304,4689,2461.0,7.32
Hyakka Ryouran: Samurai Girls,"['Action', 'Harem', 'Comedy', 'Ecchi', 'Samurai', 'School']","Sep 4, 2010 to Dec 20, 2010",12.0,137360,810,4208.0,6.89
Zhu Zhu Xia: Konglong Riji,"['Sci-Fi', 'Historical', 'Super Power', 'Kids']","Apr 29, 2019 to Aug 27, 2019",52.0,65,15992,14647.0,5.33
Ze Tian Ji 3rd Season,"['Action', 'Adventure', 'Fantasy']","Jul 26, 2017 to Oct 11, 2017",12.0,1124,9309,4230.0,6.89
Seishun Anime Zenshuu Specials,"['Drama', 'Historical']","Oct 8, 1987 to Oct 15, 1997",2.0,186,13689,13755.0,5.87
Selector Spread WIXOSS,"['Game', 'Psychological']","Oct 4, 2014 to Dec 20, 2014",12.0,62386,1626,1919.0,7.45
Go-hiki no Kobuta to Charleston,"['Music', 'Kids']","Aug 3, 1964",1.0,215,13114,11196.0,4.68
Omoi Au Christmas 2011,['Fantasy'],"Nov 15, 2011 to Dec 17, 2011",3.0,140,14508,10418.0,5.29
Kabushikigaisha OPT Shinsotsu Saiyou Movie,"['Music', 'Slice of Life']","Feb 2, 2012",1.0,115,15008,12507.0,5.69
Nemuranu Machi no Cinderella: Hirose Ryouichi - Memorial Date,['Romance'],"Sep 26, 2012",1.0,539,10825,9870.0,5.51
Fune wo Amu,"['Slice of Life', 'Drama', 'Romance']","Oct 14, 2016 to Dec 23, 2016",11.0,70276,1497,1212.0,7.67
Ikkitousen,"['Ecchi', 'Super Power', 'Martial Arts', 'School']","Jul 30, 2003 to Oct 22, 2003",13.0,118837,943,5922.0,6.53
Tonari no Yamada-kun,"['Slice of Life', 'Comedy']","Jul 17, 1999",1.0,25507,2812,2688.0,7.27
Memory of Red,['Dementia'],2004,1.0,642,10440,11411.0,3.83
Sheep in the Island,['Comedy'],2004,2.0,181,13729,9877.0,5.51
Murder Princess,"['Action', 'Adventure', 'Fantasy']","Mar 28, 2007 to Aug 29, 2007",6.0,48249,1944,3512.0,7.07
Shinpi no Hou,"['Adventure', 'Supernatural']","Oct 6, 2012",1.0,1480,8671,10723.0,5.13
Koukaku no Pandora,"['Action', 'Comedy', 'Ecchi', 'Sci-Fi']","Jan 8, 2016 to Mar 25, 2016",12.0,36713,2294,5718.0,6.57
Kacchikenee!,['Supernatural'],"Mar 19, 2016",1.0,1532,8585,6701.0,6.37
Asylum Session,"['Sci-Fi', 'Seinen']","Jul 11, 2009",1.0,3399,6705,10801.0,5.06
Hourou Musuko Specials,"['Drama', 'School']","Aug 24, 2011 to Sep 21, 2011",2.0,7209,4952,1197.0,7.68
Night Walker: Mayonaka no Tantei,"['Action', 'Comedy', 'Horror', 'Mystery', 'Vampire']","Jul 9, 1998 to Sep 23, 1998",12.0,14764,3685,3726.0,7.02
Mahou no Star Magical Emi,"['Comedy', 'Magic', 'Shoujo', 'Slice of Life']","Jun 7, 1985 to Feb 28, 1986",38.0,2951,7047,4799.0,6.76
Hyakka Zukan,['Comedy'],1989,1.0,636,10464,10030.0,5.45
Kitakaze Kozou no Kantarou,"['Music', 'Kids', 'Samurai']","Dec 4, 1974",1.0,376,11637,10394.0,5.3
"Yakushiji Ryouko no Kaiki Jikenbo: Hamachou, Voice & Fiction","['Police', 'Supernatural', 'Mystery']","Jan 21, 2009",1.0,444,11261,8741.0,5.88
Ginga Senpuu Braiger,"['Action', 'Sci-Fi', 'Adventure', 'Space', 'Mecha']","Oct 6, 1981 to Jun 30, 1982",39.0,1514,8604,4283.0,6.87
Jangdokdae,"['Historical', 'Drama']","May 5, 1991",1.0,130,14719,12455.0,5.28
Planet:Valkyrie,"['Action', 'Music']","Dec 23, 2013",1.0,1317,8926,9155.0,5.75
Hoshi ni Negai wo: Cold Body + Warm Heart,"['Adventure', 'Sci-Fi']","Jun 1, 2009",1.0,1585,8494,7286.0,6.25
Rocket Dive,['Music'],"May 23, 2018",1.0,124,14821,10010.0,5.46
Princess Principal,"['Action', 'Mystery', 'Historical']","Jul 9, 2017 to Sep 24, 2017",12.0,126965,891,1135.0,7.71
vivi,"['Adventure', 'Music', 'Romance', 'Fantasy']","Mar 15, 2012",1.0,528,10887,7510.0,6.21
Red Colored Bridge,"['Dementia', 'Psychological']",2012,1.0,786,10010,11424.0,3.67
Nagasarete Airantou,"['Harem', 'Comedy', 'Romance', 'Ecchi', 'Fantasy', 'Shounen']","Apr 5, 2007 to Sep 27, 2007",26.0,68349,1528,2338.0,7.35
Pita Ten,"['Comedy', 'Fantasy', 'Kids', 'Romance', 'School', 'Shounen']","Apr 7, 2002 to Sep 29, 2002",26.0,19063,3261,3774.0,7.01
KisKis! Wode Nanyou Shi Bohe Tang,"['Harem', 'Comedy', 'Romance']","May, 2018 to Jun, 2018",4.0,456,11346,880.0,7.82
Ys,"['Action', 'Adventure', 'Demons', 'Drama', 'Fantasy', 'Magic']","Nov 21, 1989 to Sep 5, 1991",7.0,6029,5338,6009.0,6.52
Tengu Desu,"['Demons', 'Music']","Oct 11, 2018",1.0,432,11310,9638.0,5.59
Hello Kitty no Hakuchou no Ouji,"['Kids', 'Fantasy']","Sep 21, 2001",1.0,295,12228,7618.0,6.18
Neko Matsuri,['Music'],"Feb 5, 2017",1.0,611,10571,8250.0,6.03
Hoero! Bun Bun,"['Adventure', 'Slice of Life']","Oct 9, 1980 to Jul 9, 1981",39.0,558,10728,6550.0,6.4
Hakuouki OVA,"['Action', 'Historical', 'Supernatural', 'Drama', 'Samurai']","Mar, 2011",2.0,10685,4220,1538.0,7.56
Metropolis,"['Adventure', 'Drama', 'Police', 'Romance', 'Sci-Fi', 'Shounen']","May 26, 2001",1.0,67973,1536,1517.0,7.57
Seitokai Yakuindomo,"['Comedy', 'School', 'Shounen', 'Slice of Life']","Jul 4, 2010 to Sep 26, 2010",13.0,334975,290,1286.0,7.65
Kappa no Suribachi,"['Kids', 'Fantasy']","Mar 17, 2012",1.0,115,15009,12601.0,6.0
Flag,"['Mecha', 'Military']","Jun 16, 2006 to Mar 2, 2007",13.0,14956,3664,2657.0,7.27
Pandora to Akubi,"['Action', 'Fantasy', 'Shoujo']","Apr 5, 2019",2.0,1688,8350,13500.0,6.38
Greed,"['Adventure', 'Fantasy']","Jan 21, 1985",1.0,512,10943,10529.0,5.23
Black★Rock Shooter (OVA),"['Action', 'Slice of Life', 'Drama', 'School']","Jul 24, 2010",1.0,154294,719,3031.0,7.18
Ttori wa Zeta Robot,"['Action', 'Adventure', 'Kids', 'Mecha']","Jan 17, 1985",1.0,453,11216,8639.0,5.91
Kura Sushi,['Slice of Life'],"Apr 27, 2014 to Aug 26, 2016",2.0,191,13559,8657.0,5.9
Tiger Mask (Movie),"['Sports', 'Shounen']","Mar 17, 1970",1.0,597,10618,7026.0,6.31
Satoukibibatake,"['Drama', 'Historical']",Not available,1.0,88,15591,13738.0,7.6
Asobi Asobase,"['Comedy', 'School']","Jul 8, 2018 to Sep 23, 2018",12.0,172610,639,307.0,8.22
Yuki no Joou,['Fantasy'],1978,1.0,175,13846,14576.0,5.63
RD Sennou Chousashitsu,"['Action', 'Sci-Fi']","Apr 9, 2008 to Oct 1, 2008",26.0,21099,3103,3145.0,7.16
Patalliro!,"['Adventure', 'Comedy', 'Romance', 'Shoujo', 'Shounen Ai']","Apr 9, 1982 to May 13, 1983",49.0,4570,5954,1675.0,7.52
Sugar Bunnies Chocolate!,['Kids'],"Apr 1, 2008 to Sep 30, 2008",26.0,355,11757,14045.0,6.29
Beer Mukashi Mukashi,['Historical'],1956,1.0,236,12823,10256.0,5.36
Yuurei Yashiki,['Horror'],Not available,1.0,100,15308,14605.0,5.72
Maze☆Bakunetsu Jikuu,"['Adventure', 'Comedy', 'Fantasy', 'Mecha', 'Shounen']","Jul 24, 1996 to Sep 21, 1996",2.0,2494,7425,7578.0,6.19
Kaze Iro no Tonbo,"['Kids', 'Music']","Oct 1, 1996",1.0,49,16157,12626.0,4.52
Nuwa Chengzhang Riji,"['Comedy', 'Fantasy']","Apr 12, 2016 to Nov 1, 2016",30.0,4649,5918,6779.0,6.36
xxxHOLiC Kei,"['Mystery', 'Comedy', 'Psychological', 'Supernatural', 'Drama']","Apr 4, 2008 to Jun 27, 2008",13.0,102479,1079,257.0,8.28
Fortune Quest: Yo ni mo Shiawase na Boukensha-tachi,"['Adventure', 'Comedy', 'Fantasy', 'Magic']","Oct 9, 1993 to May 10, 1994",4.0,788,9998,7279.0,6.25
Ojiichan no Komoriuta,"['Kids', 'Music']","Feb 3, 1987",1.0,103,15247,13390.0,5.43
Robotan,"['Comedy', 'Kids']","Oct 4, 1966 to Sep 27, 1968",104.0,269,12457,7309.0,6.25
Pokemon Introductory Recap,"['Fantasy', 'Kids']","Jul 18, 1998",1.0,7768,4814,5544.0,6.61
Saiki Kusuo no Ψ-nan,"['Comedy', 'School', 'Shounen', 'Slice of Life', 'Supernatural']","Jul 4, 2016 to Dec 26, 2016",120.0,306640,320,98.0,8.5
Ranpou,"['Parody', 'Comedy', 'School']","Apr 5, 1984 to Sep 20, 1984",21.0,227,12994,13634.0,6.17
Mass Effect: Paragon Lost,"['Action', 'Adventure', 'Sci-Fi']","Nov 29, 2012",1.0,7001,5016,6458.0,6.42
Ginga,"['Sci-Fi', 'Adventure', 'Music']","May 10, 2016",1.0,457,11207,8944.0,5.8100000000000005
Heya (Music),['Music'],2011,1.0,229,12935,10410.0,5.29
Clannad Movie,"['Drama', 'Romance', 'Fantasy', 'School']","Sep 15, 2007",1.0,128143,880,2538.0,7.3
Nyanko Days,"['Slice of Life', 'Comedy']","Jan 8, 2017 to Mar 26, 2017",12.0,45892,2013,5343.0,6.65
One Piece: Umi no Heso no Daibouken-hen,"['Action', 'Adventure', 'Comedy', 'Fantasy', 'Shounen', 'Super Power']","Dec 20, 2000",1.0,25272,2827,2343.0,7.35
Ultra Dino Makera,"['Action', 'Kids']",2008,1.0,163,14053,9310.0,5.7
Maken-Ki!,"['Action', 'Ecchi', 'Harem', 'Martial Arts', 'School', 'Super Power']","Oct 5, 2011 to Dec 21, 2011",12.0,177288,611,5814.0,6.55
Baymax,"['Slice of Life', 'Music', 'Drama', 'Sci-Fi']","Nov 16, 2014",1.0,1197,9157,8341.0,6.0
Danchi Tomoo: Natsuyasumi no Shukudai wa Owatta no ka yo? Tomoo,"['Comedy', 'Seinen']","Aug 14, 2015",1.0,130,14700,11867.0,5.38
Kaze Gourmet,"['Music', 'Kids']","Aug 1, 1984",1.0,94,15439,12625.0,4.33
Tic Tac Dreamin',['Music'],"Apr 16, 2017",1.0,522,10931,10379.0,5.31
Chouyaku Hyakuninisshu: Uta Koi.,"['Comedy', 'Historical', 'Romance', 'Josei']","Jul 3, 2012 to Sep 25, 2012",13.0,21508,3076,1691.0,7.51
Tanoshii Muumin Ikka,"['Adventure', 'Comedy', 'Fantasy', 'Kids', 'Slice of Life']","Apr 12, 1990 to Oct 3, 1991",78.0,14065,3768,450.0,8.1
Sister Princess: Re Pure Character's,"['Drama', 'Romance']","Jan 21, 2004 to Feb 25, 2004",12.0,949,9644,7315.0,6.25
Boku wa Ou-sama,['Kids'],"Jul 21, 1996",4.0,138,14557,11664.0,5.5600000000000005
Higurashi no Naku Koro ni Kai,"['Mystery', 'Psychological', 'Supernatural', 'Thriller']","Jul 6, 2007 to Dec 18, 2007",24.0,317911,306,238.0,8.29
Berserk,"['Action', 'Adventure', 'Demons', 'Drama', 'Fantasy', 'Horror', 'Military', 'Romance', 'Seinen', 'Supernatural']","Jul 1, 2016 to Sep 16, 2016",12.0,197167,547,5560.0,6.6
Otogi Story Tenshi no Shippo,"['Fantasy', 'Magic', 'Comedy', 'Harem', 'Romance']","Oct 4, 2001 to Dec 20, 2001",12.0,11733,4053,5500.0,6.62
Hoshi no Oujisama Petit☆Prince Specials,['Adventure'],"Dec 22, 2006",4.0,140,14501,12352.0,5.86
Gintama°,"['Action', 'Comedy', 'Historical', 'Parody', 'Samurai', 'Sci-Fi', 'Shounen']","Apr 8, 2015 to Mar 30, 2016",51.0,281594,351,6.0,9.05
Nekojiru-sou,"['Comedy', 'Dementia', 'Psychological']","Feb 21, 2001",1.0,51776,1854,2203.0,7.38
Orenchi no Furo Jijou,"['Comedy', 'Fantasy', 'Josei']","Oct 6, 2014 to Dec 29, 2014",13.0,70083,1502,3475.0,7.08
Nintama Rantarou: Saraba Ninjutsu Gakuen no Dan,"['Comedy', 'Kids']","Oct 30, 2017 to Oct 31, 2017",2.0,173,13893,13304.0,7.57
Kaeru San Yuushi,"['Adventure', 'Comedy']","Feb 28, 1933",1.0,441,11282,11112.0,4.79
Boku no Oldies wa All Color,"['Music', 'Romance', 'Seinen']","Dec 10, 1987",1.0,121,14871,11657.0,5.96
"Umete, Bye-Bye","['Music', 'Dementia']","Aug 10, 2011",1.0,58,16099,14360.0,4.44
Monster Hunter Stories: Ride On,['Fantasy'],"Oct 2, 2016 to Apr 1, 2018",75.0,12079,4004,7155.0,6.28
Aishite Knight,"['Comedy', 'Romance', 'Shoujo']","Mar 1, 1983 to Jan 24, 1984",42.0,5712,5441,4531.0,6.8100000000000005
Yobarete Tobidete Akubi-chan,"['Comedy', 'Fantasy', 'Kids']","Dec 11, 2001 to Mar 26, 2002",26.0,481,11091,8306.0,5.99
Kuroko no Basket: Tip Off,"['Sports', 'Comedy', 'School', 'Shounen']","Feb 22, 2013",1.0,64337,1584,636.0,7.96
xxxHOLiC Movie: Manatsu no Yoru no Yume,"['Mystery', 'Comedy', 'Psychological', 'Supernatural', 'Drama']","Aug 20, 2005",1.0,51666,1856,591.0,8.0
Bakujuu Gasshin Ziguru Hazeru,"['Action', 'Mecha']","Apr 6, 2013 to Dec, 2013",6.0,393,11545,11614.0,4.38
Bubaga,"['Kids', 'Adventure']","May 5, 1995 to Jan 8, 1997",8.0,133,14621,11683.0,5.8100000000000005
Tsubiregg Tsuburegg March,"['Music', 'Kids']","Jun 2, 1970",1.0,81,15721,14295.0,3.81
Sekai Meisaku Douwa: Oyayubi Hime,"['Fantasy', 'Kids']","Mar 18, 1978",1.0,689,10277,6839.0,6.35
Sora no Otoshimono,"['Sci-Fi', 'Harem', 'Comedy', 'Supernatural', 'Romance', 'Ecchi', 'Shounen']","Oct 5, 2009 to Dec 28, 2009",13.0,342630,278,1770.0,7.49
Mini Toji,"['Action', 'Comedy', 'Fantasy']","Jan 6, 2019 to Mar 17, 2019",10.0,4489,6021,7806.0,6.14
Fuujin Monogatari,"['Slice of Life', 'Fantasy', 'Supernatural', 'School', 'Drama']","Sep 11, 2004 to Feb 26, 2005",13.0,12457,3952,2581.0,7.29
Senki Zesshou Symphogear G,"['Action', 'Music', 'Sci-Fi']","Jul 5, 2013 to Sep 27, 2013",13.0,42926,2088,1677.0,7.52
Flying Witch Petit,"['Slice of Life', 'Comedy', 'Supernatural']","Mar 18, 2016 to Jun 24, 2016",9.0,12161,3991,8278.0,6.02
Kumo no Ito (2000),['Fantasy'],2000,1.0,359,11738,9148.0,5.75
Kekkaishi (TV),"['Adventure', 'Comedy', 'Fantasy', 'Shounen']","Oct 16, 2006 to Feb 5, 2008",52.0,83034,1312,1217.0,7.67
Double Decker! Doug & Kirill,"['Action', 'Sci-Fi', 'Comedy', 'Police']","Sep 30, 2018 to Dec 23, 2018",13.0,26567,2748,3985.0,6.95
Glamorous Heroes,"['Action', 'Game']","Oct 7, 2017 to Dec 9, 2017",10.0,3594,6568,11237.0,4.62
Towa no Quon 1: Utakata no Kaben,"['Action', 'Sci-Fi', 'Super Power', 'Supernatural']","Jun 18, 2011",1.0,51977,1845,1998.0,7.43
Crayon Shin-chan Movie 14: Densetsu wo Yobu Odore! Amigo!,"['Slice of Life', 'Comedy', 'Ecchi', 'School', 'Seinen']","Apr 15, 2006",1.0,1868,8103,4731.0,6.77
Noein: Mou Hitori no Kimi e,"['Adventure', 'Drama', 'Sci-Fi', 'Slice of Life']","Oct 12, 2005 to Mar 29, 2006",24.0,72201,1461,1222.0,7.67
Ashita Genki ni Nare!: Hanbun no Satsumaimo,['Drama'],"Jun 30, 2005",1.0,625,10502,5902.0,6.53
Doraemon Movie 15: Nobita to Mugen Sankenshi,"['Adventure', 'Fantasy', 'Kids', 'Sci-Fi', 'Shounen']","Mar 12, 1994",1.0,2423,7488,2270.0,7.36
Shobo Kujira Chibi Cobra,"['Kids', 'Music']","Jun 2, 1987",1.0,41,16241,13885.0,4.0
Joshikousei no Mudazukai,"['Comedy', 'School']","Jul 5, 2019 to Sep 20, 2019",12.0,46409,2024,983.0,7.77
Gatchaman Crowds: Embrace,"['Adventure', 'Sci-Fi']","Jan 22, 2014",1.0,14617,3707,1939.0,7.44
Inu x Boku SS,"['Comedy', 'Supernatural', 'Romance', 'Shounen']","Jan 13, 2012 to Mar 30, 2012",12.0,337002,286,1509.0,7.57
Dame x Prince Anime Caravan,"['Adventure', 'Comedy', 'Romance', 'Fantasy']","Jan 10, 2018 to Mar 28, 2018",12.0,17616,3403,5481.0,6.62
Devils Line,"['Action', 'Drama', 'Romance', 'Seinen', 'Supernatural', 'Vampire']","Apr 7, 2018 to Jun 23, 2018",12.0,107641,1037,4324.0,6.86
Sacred Seven,"['Action', 'Sci-Fi', 'Super Power', 'School']","Jul 3, 2011 to Sep 16, 2011",12.0,63159,1609,5152.0,6.69
Groizer X,"['Mecha', 'Sci-Fi']","Jul 1, 1976 to Mar 31, 1977",36.0,562,10712,6388.0,6.43
Tenjou Tenge: The Past Chapter,"['Adventure', 'Drama', 'Martial Arts', 'Romance', 'Shounen', 'Supernatural']","Mar 30, 2005",1.0,18839,3286,3322.0,7.12
Mahou no Pen,['Historical'],1946,1.0,287,12245,9955.0,5.48
Little Busters!,"['Slice of Life', 'Comedy', 'Supernatural', 'Drama', 'School']","Oct 6, 2012 to Apr 6, 2013",26.0,202842,533,1448.0,7.59
Shapeshifter,"['Dementia', 'Music']","Mar 26, 2019",1.0,128,14823,10116.0,5.42
Obake Nagaya,"['Comedy', 'Kids', 'Supernatural']",2003,1.0,102,15279,13357.0,7.2
Hyoutan,['Psychological'],1976,1.0,195,13466,9889.0,5.5
Dreams,['Dementia'],2011,1.0,790,10005,11429.0,3.62
Tegami Bachi: Omakebachi,['Comedy'],"Dec 22, 2010 to Aug 26, 2011",25.0,4303,6102,3619.0,7.05
Abstract feat. Alkama,['Dementia'],"Aug 19, 2017",1.0,409,11441,10620.0,5.18
Kengan Ashura 2nd Season,"['Action', 'Martial Arts']","Oct 31, 2019",12.0,12258,3982,914.0,7.8
Southpaw,"['Music', 'Comedy', 'Dementia']","Aug 27, 2019",1.0,237,12895,9023.0,5.79
Space Cobra Pilot,"['Action', 'Adventure', 'Space', 'Sci-Fi']","Dec 31, 1981",1.0,1423,8751,5686.0,6.58
"Sono Toki, Shimakou ga Ugoita!",['Comedy'],"Jun 29, 2011 to Sep 14, 2011",11.0,258,12564,13938.0,5.28
Cipher,"['Drama', 'Music']","Mar 3, 1989",1.0,5659,5480,11043.0,4.85
Megumi to Taiyou II: Kajuu Gummi Tweet Mystery - Kieta Sapphire Roman no Nazo,['Mystery'],"Feb 24, 2012 to Mar 15, 2012",1.0,603,10598,10571.0,5.21
Doraemon Movie 34: Shin Nobita no Daimakyou - Peko to 5-nin no Tankentai,"['Adventure', 'Comedy', 'Fantasy', 'Kids']","Mar 8, 2014",1.0,2018,7966,2400.0,7.33
Cardcaptor Sakura: Clear Card-hen Recap,"['Adventure', 'Comedy', 'Magic', 'Romance', 'Fantasy', 'Shoujo']","Apr 1, 2018",1.0,3383,6734,3415.0,7.09
Shiroi Unabara,['Drama'],2015,1.0,67,15961,13871.0,5.58
SF Saiyuuki Starzinger,"['Adventure', 'Mecha', 'Sci-Fi', 'Shounen', 'Space']","Apr 2, 1978 to Aug 26, 1979",73.0,1807,8180,3016.0,7.19
Isekai wa Smartphone to Tomo ni.,"['Adventure', 'Harem', 'Comedy', 'Magic', 'Romance', 'Fantasy']","Jul 11, 2017 to Sep 26, 2017",12.0,237433,432,5807.0,6.55
Satsuriku no Tenshi,"['Adventure', 'Horror', 'Psychological', 'Thriller']","Jul 6, 2018 to Sep 21, 2018",12.0,230475,458,4303.0,6.87
Nanocore: NG Scenes - Nano's Daily Life,"['Comedy', 'Sci-Fi']","Feb 8, 2015 to Mar 1, 2015",2.0,198,13469,13213.0,5.44
Legend of the Moles: The Frozen Horror,"['Kids', 'Adventure', 'Fantasy']","Aug 11, 2011",1.0,118,14973,12876.0,6.05
Hana Ichi Monme,"['Game', 'Music', 'Kids']","Dec 10, 1979",1.0,82,15680,12192.0,4.35
Kyoro-chan no Jishin Youjin Hi no Youjin,"['Kids', 'Fantasy', 'Drama']",2001,1.0,158,14157,12847.0,6.37
Gasaraki,"['Psychological', 'Mecha', 'Military', 'Supernatural', 'Drama']","Oct 4, 1998 to Mar 28, 1999",25.0,15652,3609,5183.0,6.68
Hangyodon no 007/2: Doctor Sunday Arawaru no Maki,"['Kids', 'Parody']","Mar 10, 1993",1.0,122,14877,12203.0,6.43
"Kono Danshi, Sekika ni Nayandemasu.","['Drama', 'School', 'Shounen Ai']","Dec 3, 2014",1.0,15948,3585,3307.0,7.12
Tomodachi de Iyou ne,"['Kids', 'Slice of Life']",1992 to 1993,26.0,114,15038,14259.0,6.65
Kimi dake no Boku de Iru kara,['Music'],"Nov 23, 2016",1.0,819,9926,7893.0,6.12
Taiheiyou ni Kakeru Niji,"['Kids', 'Slice of Life', 'Drama']","Mar 20, 1992",1.0,164,14050,14101.0,5.7
Majimoji Rurumo: Kanketsu-hen,"['Magic', 'Romance', 'Ecchi', 'Fantasy', 'Shounen']","Jul 9, 2019",2.0,5248,5674,1761.0,7.49
Somei-ka no Hi no Youjin: Bouka no Tebiki Katei-hen,"['Drama', 'Kids']",1996,1.0,96,15428,13932.0,8.36
Final Fantasy VII: Last Order,"['Action', 'Adventure', 'Drama', 'Fantasy', 'Sci-Fi']","Sep 14, 2005",1.0,56501,1739,2139.0,7.39
Kaitou Tenshi Twin Angel: Kyun Kyun☆Tokimeki Paradise!! OVA,['Magic'],"Dec 28, 2014",2.0,1007,9492,8479.0,5.96
Eigo de Asobo: Tanken Goblin Tou,"['Kids', 'Adventure', 'Fantasy', 'Comedy']","Apr 2, 1990 to Mar 29, 1991",100.0,156,14209,11959.0,6.4
Hannyashingyou,['Dementia'],2010,1.0,56,16090,12208.0,3.25
Ginga Ojousama Densetsu Yuna: Kanashimi no Siren,"['Action', 'Adventure', 'Comedy', 'Magic', 'Mecha', 'Sci-Fi']","Sep 21, 1995 to Nov 22, 1995",2.0,2662,7278,7889.0,6.12
Hyouga Senshi Gaislugger,"['Action', 'Mecha', 'Sci-Fi']","Apr 12, 1977 to Aug 30, 1977",20.0,369,11675,7530.0,6.2
Star Driver the Movie,"['Action', 'Mecha', 'Romance', 'Shounen']","Feb 9, 2013",1.0,10188,4306,4970.0,6.73
Tokyogurashi!,"['Music', 'Parody']","Apr 1, 2016",1.0,3548,6607,11174.0,4.71
Hokuto no Ken: Raoh Gaiden Junai-hen,"['Action', 'Adventure', 'Martial Arts']","Mar 11, 2006",1.0,8067,4749,1722.0,7.5
Tobe! Isami,"['Action', 'Adventure', 'Comedy', 'Romance', 'Shounen']","Apr 8, 1995 to Mar 30, 1996",50.0,1457,8700,2721.0,7.26
Cute Kenkyuukai,['Music'],"Jan 9, 2015",1.0,62,16025,11849.0,4.48
Minna Atsumare! Falcom Gakuen SC,"['Parody', 'Comedy', 'School', 'Seinen']","Jan 4, 2015 to Mar 22, 2015",12.0,2258,7662,8191.0,6.05
Kamiusagi Rope x Wacoal,"['Slice of Life', 'Comedy']","Oct 5, 2016 to Sep 6, 2017",6.0,128,14810,12583.0,5.64
Cross Game,"['Comedy', 'Drama', 'Romance', 'School', 'Shounen', 'Sports']","Apr 5, 2009 to Mar 28, 2010",50.0,86377,1252,134.0,8.43
Senryuu Shoujo,"['Comedy', 'School', 'Shounen', 'Slice of Life']","Apr 6, 2019 to Jun 22, 2019",12.0,82666,1329,1807.0,7.48
Tamashichi!,['Slice of Life'],"Aug 6, 2015",1.0,160,14138,9437.0,5.66
Ongaku Shoujo (TV),"['Music', 'Slice of Life']","Jul 6, 2018 to Sep 21, 2018",12.0,10964,4173,8392.0,5.99
Turn A Gundam II Movie: Moonlight Butterfly,"['Action', 'Drama', 'Mecha', 'Military', 'Sci-Fi', 'Space']","Feb 10, 2002",1.0,3353,6745,4874.0,6.75
Machibouke,"['Music', 'Kids']","Aug 16, 1973",1.0,80,15710,12920.0,4.15
Aku no Hana,"['Psychological', 'Drama', 'Romance', 'School', 'Shounen']","Apr 5, 2013 to Jun 30, 2013",13.0,135235,840,3065.0,7.17
Pokemon Generations,"['Action', 'Adventure', 'Fantasy', 'Game', 'Kids']","Dec 9, 2016 to Feb 2, 2017",18.0,26167,2776,1547.0,7.56
Shiki,"['Mystery', 'Horror', 'Supernatural', 'Thriller', 'Vampire']","Jul 9, 2010 to Dec 31, 2010",22.0,392159,222,801.0,7.86
Azumi Mamma★Mia,"['Comedy', 'Kids']","Jul 7, 1997 to Oct 2, 1997",60.0,248,12682,11598.0,5.94
Hello Kitty no Kieta Santa-san no Okurimono,['Kids'],2004,1.0,217,13138,8725.0,5.88
Bavi Stock,"['Action', 'Sci-Fi', 'Adventure', 'Fantasy']","Dec 10, 1985 to Nov 10, 1986",2.0,720,10187,10546.0,5.22
Mahou Shoujo Lyrical Nanoha: The Movie 2nd A's,"['Action', 'Magic', 'Comedy', 'Sci-Fi', 'Drama']","Jul 14, 2012",1.0,18651,3308,309.0,8.22
Install Pilot,"['Action', 'Sci-Fi', 'Shounen']","Jul 18, 2011",1.0,592,10620,8557.0,5.93
Arcana Famiglia,"['Action', 'Harem', 'Supernatural', 'Romance', 'Shoujo']","Jul 1, 2012 to Sep 16, 2012",12.0,151297,731,6682.0,6.37
Hataraki Man,"['Comedy', 'Drama', 'Romance', 'Seinen', 'Slice of Life']","Oct 13, 2006 to Dec 22, 2006",11.0,19209,3252,3460.0,7.08
Okaachan Gomen ne,"['Historical', 'Kids']",1985,1.0,113,15056,13395.0,8.38
"Ikoku Meiro no Croisée The Animation: Ongakkai ""Récital""","['Slice of Life', 'Historical', 'Seinen']","Jul 29, 2011",1.0,7224,4944,2147.0,7.39
Kimama ni Idol,['Music'],"Feb 25, 1990",1.0,291,12244,12691.0,6.51
Tondemo Nezumi Daikatsuyaku,['Adventure'],"Jun 30, 1979",1.0,476,11115,8056.0,6.09
Urameshi Denwa,"['Comedy', 'Kids']",1975,1.0,200,13382,10545.0,5.23
Power Battle Watch Car: Minicar Battle League - Bulkkoch-ui Jilju,"['Cars', 'Kids']","Aug 17, 2016",1.0,64,16016,13596.0,6.2
Yankee-kun na Yamada-kun to Megane-chan to Majo,"['Comedy', 'School', 'Shounen']","Aug 26, 2015",1.0,14605,3715,3026.0,7.19
Choujikuu Seiki Orguss Memorial,"['Action', 'Sci-Fi', 'Adventure', 'Romance', 'Mecha']","Mar 28, 1985 to May 28, 1985",2.0,253,12635,11801.0,5.45
Doraemon: It's Winter!,"['Kids', 'Adventure', 'Fantasy', 'Comedy', 'Shounen']","Apr 4, 1986",1.0,1004,9502,5486.0,6.62
Fushigi no Kuni no Alice,"['Adventure', 'Kids', 'Fantasy']","Oct 10, 1983 to Mar 26, 1984",24.0,2268,7646,6066.0,6.5
Freaky Highschool,"['Horror', 'School']","Jun 10, 2016 to Sep 29, 2017",69.0,297,12168,12005.0,4.73
Saishuu Densha featuring Izumi Makura,['Music'],"May 17, 2013",1.0,131,14690,10180.0,5.4
Onegai My Melody,"['Comedy', 'Magic', 'Fantasy']","Apr 3, 2005 to Mar 26, 2006",52.0,5791,5414,3195.0,7.15
Jah Jhaka,['Music'],"Oct 28, 2010",1.0,70,15891,12452.0,2.9
Fumikiri Jikan,"['Comedy', 'Slice of Life']","Apr 10, 2018 to Jun 26, 2018",12.0,26486,2756,6297.0,6.45
Asayake to Nettaigyo,['Music'],"Jan 7, 2018",1.0,123,14844,10237.0,5.37
Kanojo wa Zombie,"['Music', 'Romance']","Jan 27, 2016",1.0,921,9701,8385.0,5.99
Ani*Kuri15,"['Slice of Life', 'Adventure', 'Fantasy', 'Magic', 'Game', 'Martial Arts', 'Comedy', 'Mecha', 'Super Power', 'Supernatural', 'School', 'Drama', 'Sci-Fi']","Jun 7, 2007 to Jun 27, 2007",15.0,17541,3406,4314.0,6.86
Raja Maharaja,"['Kids', 'Music', 'Slice of Life']","Feb 3, 1985",1.0,268,12442,10981.0,4.92
Neko Kikaku,['Comedy'],"Nov 30, 2018",1.0,204,13319,13235.0,6.67
Precure All Stars Movie DX: Minna Tomodachi☆Kiseki no Zenin Daishuugou!,"['Action', 'Fantasy', 'Magic', 'Shoujo']","Mar 20, 2009",1.0,4290,6105,2296.0,7.36
Ajin OVA,"['Action', 'Mystery', 'Horror', 'Supernatural', 'Seinen']","May 6, 2016 to Oct 7, 2016",2.0,33654,2407,2394.0,7.33
Yuuwaku★Office Lover 2,"['Drama', 'Romance']","Dec 26, 2017 to Mar 6, 2018",10.0,830,9914,14609.0,5.61
Kyochuu Rettou,['Horror'],"Jun 20, 2019",1.0,5833,5444,11045.0,4.85
Bug tte Honey: Megarom Shoujo Mai 4622,"['Adventure', 'Comedy']","Jul 21, 1987",1.0,196,13438,11689.0,5.39
Tantei Opera Milky Holmes: Psycho no Aisatsu,"['Mystery', 'Comedy', 'Super Power']","Dec 31, 2018",1.0,799,9989,4393.0,6.85
Hello Kitty no Mahou no Ringo,"['Fantasy', 'Kids']","Sep 21, 1992",1.0,228,12988,6299.0,6.45
Himouto! Umaru-chan OVA,"['Slice of Life', 'Comedy', 'School', 'Seinen']","Oct 19, 2015 to Apr 19, 2017",2.0,49136,1923,2448.0,7.32
Narara! Ujujeonham Geobukseon,"['Action', 'Sci-Fi', 'Space', 'Shounen']",1979,1.0,179,13769,13222.0,4.55
Yu☆Gi☆Oh! Zexal Second: Iza! Saishuu Kessen e!! Special,"['Action', 'Fantasy', 'Game', 'Shounen']","Dec 5, 2013",1.0,2239,7691,7224.0,6.27
Ben-To Picture Drama,['Comedy'],"Dec 21, 2011 to May 16, 2012",6.0,9384,4459,7786.0,6.14
Full Metal Panic! The Second Raid: Wari to Hima na Sentaichou no Ichinichi,['Comedy'],"May 26, 2006",1.0,62012,1633,1095.0,7.72
Mahoutsukai Sally 2,"['Comedy', 'Magic', 'Shoujo']","Oct 9, 1989 to Dec 22, 1990",88.0,1022,9469,6348.0,6.44
Paniponi,"['Slice of Life', 'Kids']","May 7, 1998 to Feb 21, 2003",48.0,145,14447,13502.0,5.31
Lilt,['Music'],"Feb 8, 2010",1.0,165,14028,10914.0,4.97
Undouki Kenshin Manual Taiou Taisou,['Kids'],"Dec 20, 2015",1.0,153,14314,14366.0,3.53
Arve Rezzle: Kikaijikake no Yousei-tachi,"['Action', 'Thriller', 'Drama', 'Mystery', 'Sci-Fi']","Mar 2, 2013",1.0,22759,2996,6853.0,6.34
Inuyashiki,"['Action', 'Drama', 'Psychological', 'Sci-Fi', 'Seinen']","Oct 13, 2017 to Dec 22, 2017",11.0,294772,330,935.0,7.79
Nagagutsu wo Haita Neko no Bouken,"['Adventure', 'Fantasy']","Apr 1, 1992 to Sep 23, 1992",26.0,581,10655,5295.0,6.66
Rokumon Tengai Mon Colle Knights,"['Adventure', 'Comedy', 'Fantasy', 'Kids', 'Magic', 'Parody']","Jan 10, 2000 to Dec 25, 2000",51.0,3517,6619,5643.0,6.59
Future GPX Cyber Formula,"['Adventure', 'Sci-Fi', 'Shounen', 'Sports']","Mar 15, 1991 to Dec 20, 1991",37.0,4351,6077,1937.0,7.44
Gegege no Kitarou: Kitarou Tanjou-hen,['Supernatural'],1980,1.0,297,12168,8350.0,6.0
My Melody no Akazukin (OVA),"['Kids', 'Fantasy']","Aug 24, 2001",1.0,182,13729,7807.0,6.14
Bandoe Sareoriratda,['Comedy'],"Jan 25, 2018",1.0,174,13847,11619.0,6.8
Chuunibyou demo Koi ga Shitai! Movie: Take On Me Mini-Drama - Koukai Chokuzen no... Kaiko Gekijou,['Comedy'],"Nov 17, 2017 to Jan 5, 2018",24.0,7409,4909,4496.0,6.82
Onpu,"['Kids', 'Music']",1961,1.0,121,14885,13431.0,5.0
Kotatsu Musume de Teketekete,"['Music', 'Kids']","Dec 2, 1988",1.0,82,15684,12794.0,4.21
Namiuchigiwa no Muromi-san,"['Slice of Life', 'Comedy', 'Fantasy', 'Shounen']","Apr 7, 2013 to Jun 30, 2013",13.0,34206,2381,3811.0,7.0
Shin-chan no Sanrinsha,"['Historical', 'Kids']",Not available,1.0,155,14261,13845.0,7.14
Hyakujuu-Ou GoLion,"['Adventure', 'Mecha', 'Sci-Fi', 'Shounen']","Mar 4, 1981 to Feb 24, 1982",52.0,8712,4591,4093.0,6.92
Donguri to Yamaneko (1995),"['Demons', 'Drama', 'Kids']",1995,1.0,139,14517,11919.0,5.52
Gegege no Kitarou: Tamashii to Art,"['Demons', 'Shounen', 'Supernatural']","Sep 28, 2018",2.0,721,10189,12085.0,6.58
Kochira Katsushikaku Kameari Kouenmae Hashutsujo,"['Slice of Life', 'Comedy', 'Police']","Jun 16, 1996 to Dec 19, 2004",373.0,9102,4514,915.0,7.8
Afraid To Be Cool / Raise Me Up,['Music'],"Apr 12, 2016 to May 18, 2016",2.0,143,14453,8338.0,6.0
Wakamono to Koinu to Croissant,"['Kids', 'Music']","Feb 4, 1976",1.0,84,15662,14405.0,4.71
Yooidon!,"['Drama', 'Kids']",2004,1.0,111,15102,14550.0,6.07
Oyone to Mattsan: Ai no Uta,"['Music', 'Romance']","Dec 21, 1990",1.0,119,14939,13489.0,6.18
Shougeki Shinsengumi,"['Comedy', 'Historical']","May 21, 1989",1.0,170,13955,13888.0,6.26
Dokgotak: Taeyang-eul Hyanghae Deonjyeola,['Sports'],1983,1.0,146,14395,11904.0,5.54
Cuticle Tantei Inaba,"['Action', 'Mystery', 'Comedy', 'Supernatural', 'Shounen']","Jan 4, 2013 to Mar 22, 2013",12.0,74016,1437,2236.0,7.37
Crayon Shin-chan Movie 03: Unkokusai no Yabou,"['Sci-Fi', 'Comedy', 'Historical', 'Seinen']","Apr 15, 1995",1.0,2777,7172,3630.0,7.04
Ball yo Doko e Yuku,['Comedy'],"Sep 11, 2014",1.0,264,12531,11245.0,4.59
Christmas,"['Music', 'Supernatural']","Nov 16, 2010",1.0,672,10319,9833.0,5.52
Kono Subarashii Sekai ni Shukufuku wo! 2,"['Adventure', 'Comedy', 'Parody', 'Supernatural', 'Magic', 'Fantasy']","Jan 12, 2017 to Mar 16, 2017",10.0,656711,80,195.0,8.35
Hwanggeum Nalgae 1.2.3.,"['Action', 'Mecha', 'Sci-Fi']","Jan 5, 1978",1.0,239,12787,10794.0,5.07
Seikai no Senki,"['Action', 'Military', 'Romance', 'Sci-Fi', 'Space']","Apr 14, 2000 to Jul 14, 2000",13.0,25503,2814,966.0,7.78
Genocyber,"['Action', 'Sci-Fi', 'Horror', 'Psychological', 'Mecha']","Mar 2, 1994 to Jul 21, 1994",5.0,21670,3064,8497.0,5.95
Kana Kana Kazoku: Shinnen no Goaisatsu,['Comedy'],"Jan 7, 2015",1.0,214,13200,10636.0,5.18
"Animegataris: Yuku Toshi, Kuru Toshi",['Comedy'],"Dec 31, 2017",1.0,307,12149,7555.0,6.19
Mabeobsa-ui Adeul Cory,"['Adventure', 'Comedy', 'Fantasy']",1993,13.0,105,15226,12918.0,6.2
Pretty Rhythm: All Star Selection,"['Music', 'Shoujo', 'Sports']","Apr 5, 2014 to Jun 14, 2014",11.0,2006,7947,6409.0,6.43
Haou Daikei Ryuu Knight: Adeu Legend II,"['Action', 'Adventure', 'Fantasy', 'Mecha']","Dec 18, 1995 to Apr 25, 1996",3.0,619,10523,7660.0,6.17
Tanuki to Kitsune,['Comedy'],"Feb 9, 2018 to Mar 19, 2018",18.0,550,10757,14143.0,6.11
Lost One no Goukoku wo Utattemita,['Music'],"Aug 12, 2019",1.0,167,14115,5044.0,6.71
Ecchan no Sensou,"['Historical', 'Drama']","Jan 13, 2002",1.0,227,13006,11948.0,6.72
Rio: Rainbow Gate!,"['Game', 'Comedy', 'Ecchi']","Jan 4, 2011 to Mar 29, 2011",13.0,30389,2546,8512.0,5.95
Sabaku no Kaizoku! Captain Kuppa,"['Action', 'Adventure']","Aug 13, 2001 to Feb 11, 2002",26.0,340,11844,13694.0,6.68
Kamen Rider Fourze x Crayon Shin-chan,"['Action', 'Comedy', 'Seinen']","Apr 13, 2012 to Apr 29, 2012",4.0,785,10009,8421.0,5.98
Cinderella Girls Gekijou Specials,"['Slice of Life', 'Comedy']","Jun 28, 2017 to Jul 26, 2017",2.0,1872,8099,6489.0,6.41
Aru Zombie Shoujo no Sainan,"['Action', 'Horror']","Jul 1, 2012",1.0,1543,8572,10983.0,4.91
Sennen Joyuu,"['Action', 'Adventure', 'Drama', 'Fantasy', 'Historical', 'Romance']","Sep 14, 2002",1.0,102017,1082,244.0,8.29
Senjuushi,"['Action', 'Military']","Jul 3, 2018 to Sep 25, 2018",12.0,10026,4346,10919.0,4.97
Jinsei,"['Comedy', 'School', 'Slice of Life']","Jul 6, 2014 to Sep 28, 2014",13.0,54303,1792,5927.0,6.53
Shounen Ashibe: Go! Go! Goma-chan 2,"['Slice of Life', 'Comedy', 'Seinen']","Apr 4, 2017 to Feb 13, 2018",32.0,805,9952,9054.0,5.78
Honoo no Alpenrose: Ai no Symphony Ongaku-hen,"['Drama', 'Historical', 'Music', 'Romance', 'Shoujo']",Not available,1.0,314,12128,274.0,8.26
Watashi ga Motete Dousunda,"['Harem', 'Comedy', 'Romance', 'School', 'Shoujo']","Oct 7, 2016 to Dec 23, 2016",12.0,197045,551,2605.0,7.29
Terajima-chou Kidan: Ginnagashi,['Historical'],"Jan 15, 1992",1.0,123,14865,14183.0,7.13
Kyougoku Natsuhiko: Kousetsu Hyaku Monogatari,"['Fantasy', 'Historical', 'Horror', 'Mystery', 'Psychological', 'Supernatural']","Oct 4, 2003 to Dec 27, 2003",13.0,27560,2696,2966.0,7.2
Souten no Ken: Regenesis 2nd Season,"['Action', 'Historical', 'Martial Arts']","Oct 2, 2018 to Dec 18, 2018",12.0,3066,6977,7679.0,6.17
Ore no Kanojo to Osananajimi ga Shuraba Sugiru,"['Comedy', 'Harem', 'Romance', 'School']","Jan 6, 2013 to Mar 31, 2013",13.0,299096,328,2929.0,7.21
3x3 Eyes,"['Action', 'Demons', 'Fantasy', 'Horror', 'Romance']","Jul 25, 1991 to Mar 19, 1992",4.0,20773,3126,4271.0,6.87
